Metric,Value
Current Value,66.93132854348367
Current Percentile,16.025641025641026
Bottom 5%,40.01976475190828
Q1 (25%),78.12063759194103
Median (50%),89.65353321795962
Q3 (75%),95.21328055939337
Top 5%,98.1798575806221
