Metric,Value
Current Value,84.38100838705562
Current Percentile,34.177215189873415
Bottom 5%,35.98106320671338
Q1 (25%),75.38090784026471
Median (50%),90.60940767078111
Q3 (75%),97.49018741195493
Top 5%,99.55761589684394
