Metric,Value
Current Value,84.46374855787997
Current Percentile,52.52525252525253
Bottom 5%,18.012576831970843
Q1 (25%),57.873362735739335
Median (50%),82.44240875260645
Q3 (75%),92.97616700975352
Top 5%,97.79808389728599
