Metric,Value
Current Value,91.56649139526007
Current Percentile,63.21070234113713
Bottom 5%,11.99921462969782
Q1 (25%),55.98969895359461
Median (50%),81.32660138753462
Q3 (75%),95.52073221921322
Top 5%,99.36021246375834
