Metric,Value
Current Value,384.07957600325153
Current Percentile,100.0
Bottom 5%,192.043466069735
Q1 (25%),218.2795607664426
Median (50%),274.37031011745535
Q3 (75%),313.18656265742936
Top 5%,370.26362652280824
