Metric,Value
Current Value,463.73467820569044
Current Percentile,100.0
Bottom 5%,146.61388620557977
Q1 (25%),179.3623336438236
Median (50%),237.42515520278545
Q3 (75%),341.2664529377411
Top 5%,432.0480622605663
