Metric,Value
Current Value,536.3430540000841
Current Percentile,100.0
Bottom 5%,115.93222056474455
Q1 (25%),166.64886734095853
Median (50%),235.7261097133287
Q3 (75%),382.8424631422926
Top 5%,486.96166307133785
