Metric,Value
Current Value,360.80494415283204
Current Percentile,100.0
Bottom 5%,177.84726852798462
Q1 (25%),205.3417329597473
Median (50%),254.00286285400392
Q3 (75%),295.6237939453125
Top 5%,347.3684580383301
