Metric,Value
Current Value,457.08762634277343
Current Percentile,100.0
Bottom 5%,139.50230755615235
Q1 (25%),178.32913139343262
Median (50%),234.68645675659178
Q3 (75%),332.995802154541
Top 5%,428.7578261413574
