Metric,Value
Current Value,571.0160140980936
Current Percentile,100.0
Bottom 5%,542.6772466347672
Q1 (25%),545.1132761174476
Median (50%),549.7612827870391
Q3 (75%),558.4687221153929
Top 5%,569.22501634636
