Metric,Value
Current Value,585.7867885893938
Current Percentile,95.14824797843666
Bottom 5%,525.8264342876811
Q1 (25%),536.7096284221045
Median (50%),562.1272892520495
Q3 (75%),567.9820286412569
Top 5%,585.7860228417792
