Metric,Value
Current Value,586.5441183509089
Current Percentile,91.2718204488778
Bottom 5%,519.1012767199478
Q1 (25%),541.7475039911973
Median (50%),561.6425872142901
Q3 (75%),570.9575023772085
Top 5%,589.6963309748227
