Metric,Value
Current Value,580.4524930903892
Current Percentile,100.0
Bottom 5%,532.3301063133409
Q1 (25%),537.9570343838641
Median (50%),553.8325679913229
Q3 (75%),568.3556862892818
Top 5%,578.7581415426868
