Metric,Value
Current Value,588.4800708007813
Current Percentile,94.60916442048517
Bottom 5%,522.6053765869141
Q1 (25%),535.4233474731445
Median (50%),561.1915466308594
Q3 (75%),567.5095758056641
Top 5%,588.5802374267578
