Metric,Value
Current Value,582.0419860839844
Current Percentile,100.0
Bottom 5%,526.3689804077148
Q1 (25%),538.5582376098632
Median (50%),554.160647277832
Q3 (75%),564.7262341308593
Top 5%,578.7623309326171
