Metric,Value
Current Value,563.1936839294434
Current Percentile,100.0
Bottom 5%,541.21359664917
Q1 (25%),542.2504103088379
Median (50%),544.8878791809082
Q3 (75%),552.1294622802734
Top 5%,560.5928337097168
