Metric,Value
Current Value,567.6949688779907
Current Percentile,85.16886930983847
Bottom 5%,372.7717783755687
Q1 (25%),395.77011160011847
Median (50%),454.1247724200691
Q3 (75%),545.3831882125487
Top 5%,588.5911638783731
