Metric,Value
Current Value,575.9959831336818
Current Percentile,88.0450070323488
Bottom 5%,371.59786093888204
Q1 (25%),397.11881549437066
Median (50%),455.5084028695113
Q3 (75%),545.7295627713816
Top 5%,594.6240096247907
