Metric,Value
Current Value,569.0810512242444
Current Percentile,86.37083993660856
Bottom 5%,374.9207901175182
Q1 (25%),406.3208915034271
Median (50%),460.25611039707866
Q3 (75%),541.7737058145995
Top 5%,581.880649827302
