Metric,Value
Current Value,562.6742865195425
Current Percentile,93.22033898305084
Bottom 5%,385.9230156405527
Q1 (25%),413.65853814163455
Median (50%),466.5630143783773
Q3 (75%),531.6627222792723
Top 5%,564.4599491842941
