Metric,Value
Current Value,557.2037915039062
Current Percentile,80.46989720998532
Bottom 5%,371.84118713378905
Q1 (25%),393.63455078125
Median (50%),452.7131329345703
Q3 (75%),545.1901794433594
Top 5%,592.7337927246094
