Metric,Value
Current Value,573.9901062011719
Current Percentile,84.62757527733757
Bottom 5%,375.5858479309082
Q1 (25%),402.38229888916015
Median (50%),451.9730453491211
Q3 (75%),543.3033630371094
Top 5%,588.3184014892579
