Metric,Value
Current Value,573.6168777465821
Current Percentile,100.0
Bottom 5%,383.95309127807616
Q1 (25%),411.888191986084
Median (50%),460.8649105834961
Q3 (75%),532.0861054992677
Top 5%,570.472540435791
