Metric,Value
Current Value,575.6470031738281
Current Percentile,87.34177215189874
Bottom 5%,371.6719497680664
Q1 (25%),398.46101684570317
Median (50%),454.749609375
Q3 (75%),545.8572082519531
Top 5%,595.1416732788086
