Metric,Value
Current Value,604.1620393769365
Current Percentile,90.15471167369901
Bottom 5%,387.35440377451175
Q1 (25%),408.681569618083
Median (50%),470.5066629872123
Q3 (75%),566.9264443406202
Top 5%,610.2067285527941
