Metric,Value
Current Value,547.1319669707198
Current Percentile,84.10689170182842
Bottom 5%,351.2841926622607
Q1 (25%),385.47431852167125
Median (50%),438.9925557627877
Q3 (75%),520.2088175203826
Top 5%,579.7647652058661
