Metric,Value
Current Value,0.09907125737089152
Current Percentile,83.96624472573839
Bottom 5%,0.03141891311447034
Q1 (25%),0.04503937975786475
Median (50%),0.06057754780608241
Q3 (75%),0.0806416755758835
Top 5%,0.12950358322989175
