Metric,Value
Current Value,593.5134586310337
Current Percentile,89.02743142144638
Bottom 5%,539.5772034311108
Q1 (25%),554.2160509639342
Median (50%),569.8433264593493
Q3 (75%),581.3454864457985
Top 5%,596.0234271970708
