Metric,Value
Current Value,575.5550472283412
Current Percentile,85.785536159601
Bottom 5%,487.5392559768462
Q1 (25%),530.7266591957741
Median (50%),552.0551148058281
Q3 (75%),559.4025876180996
Top 5%,585.4140150734685
