Metric,Value
Current Value,584.5342529296875
Current Percentile,88.02992518703242
Bottom 5%,516.385514831543
Q1 (25%),543.5476867675782
Median (50%),561.7504058837891
Q3 (75%),571.6135284423829
Top 5%,590.174072265625
