Metric,Value
Current Value,0.030722598911329623
Current Percentile,46.13466334164589
Bottom 5%,0.01470530662547595
Q1 (25%),0.020784580926371615
Median (50%),0.0322953394524304
Q3 (75%),0.05102580934202399
Top 5%,0.11430480092998181
