Metric,Value
Current Value,0.46720301025084154
Current Percentile,24.390243902439025
Bottom 5%,-10.319500793658136
Q1 (25%),0.9854260401151294
Median (50%),10.156723793673393
Q3 (75%),14.852105206437443
Top 5%,18.35956585452318
