Metric,Value
Current Value,-2.1333450926480806
Current Percentile,19.35483870967742
Bottom 5%,-9.231620615374585
Q1 (25%),1.0326255353477944
Median (50%),9.860690417046616
Q3 (75%),15.207017700743798
Top 5%,17.762542094948113
