Metric,Value
Current Value,2.600548102898922
Current Percentile,83.15412186379928
Bottom 5%,-5.337567198012768
Q1 (25%),-1.4439499657631725
Median (50%),0.11227148257886199
Q3 (75%),1.6974673413759325
Top 5%,3.6555001259751436
