Metric,Value
Current Value,61.98734241061478
Current Percentile,74.44717444717445
Bottom 5%,28.87403103969034
Q1 (25%),41.43701271140807
Median (50%),52.00451861944638
Q3 (75%),62.56395132892095
Top 5%,73.45892444966597
