Metric,Value
Current Value,62.821677413927766
Current Percentile,68.06136680613668
Bottom 5%,34.80972625778515
Q1 (25%),46.811609923479296
Median (50%),57.65016340783324
Q3 (75%),64.88382975931533
Top 5%,72.9367422383055
