Metric,Value
Current Value,628.9271231567559
Current Percentile,98.29351535836177
Bottom 5%,310.7834548334852
Q1 (25%),378.62261501166665
Median (50%),433.46810705684413
Q3 (75%),472.8048472111835
Top 5%,613.6959914274383
