Metric,Value
Current Value,517.5149575317207
Current Percentile,89.419795221843
Bottom 5%,224.4850735689217
Q1 (25%),328.2444778360015
Median (50%),373.08493172843305
Q3 (75%),410.17209968025963
Top 5%,533.7810291448271
