Metric,Value
Current Value,0.19436161233392354
Current Percentile,77.47440273037543
Bottom 5%,0.08989550926540488
Q1 (25%),0.11351076663681511
Median (50%),0.1490172203249016
Q3 (75%),0.19030266777713584
Top 5%,0.3530201900051961
