Metric,Value
Current Value,65.92927076280675
Current Percentile,44.303797468354425
Bottom 5%,52.148919601846174
Q1 (25%),61.045390091322076
Median (50%),67.96501113751185
Q3 (75%),75.0698383265525
Top 5%,80.12518471341338
