Metric,Value
Current Value,71.92413716376579
Current Percentile,47.55244755244755
Bottom 5%,10.570253856081122
Q1 (25%),37.85693432075513
Median (50%),74.98982338169169
Q3 (75%),89.3888202269662
Top 5%,96.48579031569501
