Metric,Value
Current Value,88.8861933840981
Current Percentile,69.1771269177127
Bottom 5%,4.847994355714407
Q1 (25%),37.65292140080198
Median (50%),73.54772326766025
Q3 (75%),91.90791998994331
Top 5%,98.68917134434726
