Metric,Value
Current Value,0.9246532264552343
Current Percentile,50.8860759493671
Bottom 5%,-8.953492346789199
Q1 (25%),-2.4443143119799515
Median (50%),0.8696705194732886
Q3 (75%),3.181177770685622
Top 5%,5.233769408223609
