Metric,Value
Current Value,1.3285561038751683
Current Percentile,85.52971576227391
Bottom 5%,-1.9698915087175748
Q1 (25%),-0.7544931107768325
Median (50%),-0.11152441246579681
Q3 (75%),0.8858721339525895
Top 5%,1.7950599427122333
