Metric,Value
Current Value,-0.4039028774199339
Current Percentile,37.2093023255814
Bottom 5%,-8.753693528184506
Q1 (25%),-2.185923029161955
Median (50%),0.7994370844123447
Q3 (75%),3.1646634491779144
Top 5%,4.840836425171971
