Metric,Value
Current Value,56.00224519916668
Current Percentile,34.448160535117054
Bottom 5%,38.35387063865267
Q1 (25%),51.36717067204009
Median (50%),60.71447364319921
Q3 (75%),68.11974775667403
Top 5%,75.02298184358202
