Metric,Value
Current Value,639.4756380413105
Current Percentile,100.0
Bottom 5%,132.572552214638
Q1 (25%),182.69201740835362
Median (50%),266.00293800004204
Q3 (75%),453.4288587705746
Top 5%,586.4300181149524
