Metric,Value
Current Value,428.7208676959942
Current Percentile,100.0
Bottom 5%,93.78232403658271
Q1 (25%),156.7109310322897
Median (50%),212.3525292348318
Q3 (75%),302.1918529731755
Top 5%,358.6124905825572
