Metric,Value
Current Value,534.0982528686524
Current Percentile,100.0
Bottom 5%,113.17743812561035
Q1 (25%),169.74297618865967
Median (50%),238.68529014587403
Q3 (75%),388.7977149963379
Top 5%,472.5212543487548
