Metric,Value
Current Value,0.394599250631037
Current Percentile,75.0
Bottom 5%,0.14925789810175644
Q1 (25%),0.26173016679086486
Median (50%),0.30531176615759165
Q3 (75%),0.3961690548884528
Top 5%,0.5323647284508009
