Metric,Value
Current Value,9.99836839706029
Current Percentile,99.14893617021276
Bottom 5%,-7.898450332277503
Q1 (25%),-1.1160714670766083
Median (50%),3.0614430127072865
Q3 (75%),5.575759891431403
Top 5%,7.150454732782779
