Metric,Value
Current Value,0.2808139012130191
Current Percentile,57.24533715925395
Bottom 5%,-2.668170024791593
Q1 (25%),-0.9504013838561598
Median (50%),0.10579933493761473
Q3 (75%),0.8812100824233582
Top 5%,2.6732079460491103
