Metric,Value
Current Value,9.71755449584727
Current Percentile,100.0
Bottom 5%,-7.901522856476961
Q1 (25%),-0.8208298901911527
Median (50%),2.833656108590742
Q3 (75%),5.297662634849546
Top 5%,6.492167137017577
