Metric,Value
Current Value,524.6878761651063
Current Percentile,100.0
Bottom 5%,334.17437637089796
Q1 (25%),381.0783966787824
Median (50%),385.3959134892786
Q3 (75%),439.97948551970154
Top 5%,516.7619854796321
