Metric,Value
Current Value,558.6205000358224
Current Percentile,100.0
Bottom 5%,283.51089711067124
Q1 (25%),373.72419817303296
Median (50%),399.6098136113412
Q3 (75%),441.1583493494983
Top 5%,554.1748356720367
