Metric,Value
Current Value,570.2841524806402
Current Percentile,94.19795221843003
Bottom 5%,274.80632238706596
Q1 (25%),351.72090774585615
Median (50%),400.3944579650132
Q3 (75%),441.8072446154204
Top 5%,573.3724802102695
