Metric,Value
Current Value,471.84842487443035
Current Percentile,100.0
Bottom 5%,362.42149863979495
Q1 (25%),375.5424156874258
Median (50%),400.83718726675136
Q3 (75%),437.6119409510794
Top 5%,465.834020398563
