Metric,Value
Current Value,518.5058074951172
Current Percentile,100.0
Bottom 5%,320.1340615234375
Q1 (25%),382.27744537353516
Median (50%),401.83779571533205
Q3 (75%),423.54047607421876
Top 5%,503.28788116455075
