Metric,Value
Current Value,460.4629391479492
Current Percentile,100.0
Bottom 5%,357.44129064941404
Q1 (25%),374.32205154418943
Median (50%),402.1234852600098
Q3 (75%),433.59039657592774
Top 5%,455.87242495727537
