Metric,Value
Current Value,573.2210403442383
Current Percentile,93.51535836177474
Bottom 5%,273.8810333251953
Q1 (25%),352.7509490966797
Median (50%),401.7005355834961
Q3 (75%),437.12304840087893
Top 5%,577.8866094970703
