Metric,Value
Current Value,569.2253802490235
Current Percentile,100.0
Bottom 5%,283.2880436401367
Q1 (25%),369.27781188964843
Median (50%),402.7320782470703
Q3 (75%),435.20600067138673
Top 5%,557.4834597167969
