Metric,Value
Current Value,98.40865913214424
Current Percentile,97.2972972972973
Bottom 5%,3.2604638097727707
Q1 (25%),24.217709348292466
Median (50%),59.0748502994012
Q3 (75%),86.67949482959004
Top 5%,97.47506642274469
