Metric,Value
Current Value,95.95793203389367
Current Percentile,95.06172839506173
Bottom 5%,6.052420844797615
Q1 (25%),28.76525686768181
Median (50%),57.29420514525733
Q3 (75%),83.87280703869168
Top 5%,95.93594018726333
