Metric,Value
Current Value,41.90398921480346
Current Percentile,93.83561643835617
Bottom 5%,7.013656447081196
Q1 (25%),10.773100836279681
Median (50%),13.22949117954495
Q3 (75%),21.08986944753606
Top 5%,42.681974367937045
