Metric,Value
Current Value,43.24136588861256
Current Percentile,97.82608695652173
Bottom 5%,7.828130991663122
Q1 (25%),11.757285879424588
Median (50%),13.983723918584126
Q3 (75%),20.455367260451126
Top 5%,38.385789439363634
