Metric,Value
Current Value,-1.3373766738091035
Current Percentile,23.91304347826087
Bottom 5%,-7.738519030227954
Q1 (25%),-1.0215057813741901
Median (50%),0.915159436933707
Q3 (75%),2.494749039037212
Top 5%,8.373756281902764
